db_id,pop,lat,lon,locality,osm_buildings_450m,est_homes,fat_boxes,villages
DB-POP4-C01,POP4,27.717659,85.520836,Nagarkot,180,135,12,Nagarkot; Naldum
DB-POP4-C02,POP4,27.764204,85.49775,Chauki Banjyang,123,92,8,Chauki Banjyang
DB-POP4-C03,POP4,27.736574,85.533016,Dandagaun,83,62,6,Dandagaun
DB-POP4-C04,POP4,27.725838,85.536553,Gairigaun,160,120,10,Gairigaun
DB-POP4-C05,POP4,27.729492,85.543435,Masyargaun,23,17,2,Masyargaun
DB-POP4-C06,POP4,27.733409,85.55187,Chhapgaun,245,184,16,Chhapgaun
DB-POP4-C07,POP4,27.71272,85.537855,Chhittegaun,75,56,5,Chhittegaun
DB-POP4-C08,POP4,27.714446,85.527698,Kaflenigaun,97,73,7,Kaflenigaun
DB-POP4-C09,POP4,27.774945,85.490121,Jhule,38,28,3,Jhule
DB-POP4-C10,POP4,27.746405,85.519241,,28,21,2,#3504505787
DB-POP4-C11,POP4,27.753109,85.550586,Baluwapati Deupur,93,70,6,Baluwapati Deupur
DB-POP6-C01,POP6,27.825552,85.448389,Chisapani,38,28,3,Chisapani
DB-POP6-C02,POP6,27.777671,85.432703,Mulkharka (W),264,198,17,Mulkharka (W)
DB-POP6-C03,POP6,27.843846,85.457724,Pati Bhanjyang,67,50,5,Pati Bhanjyang
DB-POP6-C04,POP6,27.820708,85.465736,Haibung,132,99,9,Haibung
DB-POP6-C05,POP6,27.868702,85.455838,Chipling,76,57,5,Chipling
DB-POP7-C01,POP7,27.953584,85.482007,Sanugopte,2,2,1,Sanugopte
DB-POP7-C02,POP7,27.936827,85.493655,,174,130,11,#3477664021
DB-POP7-C03,POP7,27.944146,85.595457,Sermathang,190,142,12,Sermathang
DB-POP7-C04,POP7,27.953659,85.547892,Timbu,120,90,8,Timbu
DB-POP7-C05,POP7,27.943909,85.53838,Dongdhing,63,47,4,Dongdhing
DB-POP7-C06,POP7,27.95269,85.58584,Chhimi,42,32,3,Chhimi
DB-POP7-C07,POP7,27.983438,85.521439,,8,6,1,#3483370140
DB-POP7-C08,POP7,27.981598,85.527062,,22,16,2,#3483370141
DB-POP7-C09,POP7,27.998969,85.553763,Tarke Ghyang,114,86,8,Tarke Ghyang
DB-POP7-C10,POP7,27.987134,85.535869,Kharchung,58,44,4,Kharchung
DB-POP7-C11,POP7,27.928373,85.555719,Helambu,176,132,11,Helambu
DB-HE-C01,HE,27.829302,85.576132,Melamchi,545,409,35,Melamchi
DB-HE-C02,HE,27.820821,85.560116,,196,147,13,#3476589106; #3478304260
DB-HE-C03,HE,27.827827,85.557219,,174,130,11,#3476589167
DB-HE-C04,HE,27.830079,85.568084,,105,79,7,#3476590203
DB-HE-C05,HE,27.834357,85.581774,,217,163,14,#3476590644; #3476590747
DB-HE-C06,HE,27.834435,85.562098,,56,42,4,#3476590700
DB-HE-C07,HE,27.83569,85.571002,,206,154,13,#3476590809
DB-HE-C08,HE,27.841744,85.568883,Dubachaur,113,85,8,Dubachaur; #3493123996
DB-HE-C09,HE,27.826388,85.564981,,141,106,9,#3476607431
DB-HE-C10,HE,27.807796,85.544607,,252,189,16,#3478122415; #3478122416; #3478518232; #3478518440
DB-HE-C11,HE,27.819064,85.552918,,226,170,15,#3478304261; #3478518445
DB-HE-C12,HE,27.809285,85.538199,,117,88,8,#3478518272
DB-HE-C13,HE,27.801963,85.571845,,144,108,9,#3478531718
DB-HE-C14,HE,27.807171,85.568044,,64,48,4,#3478531728
DB-HE-C15,HE,27.810819,85.562066,,115,86,8,#3478531732
DB-HE-C16,HE,27.841056,85.624659,,170,128,11,#3570636139
DB-HE-C17,HE,27.811946,85.622996,Indrawati,196,147,13,Indrawati
DB-POP1-C01,POP1,27.914044,85.637146,Dhap,226,170,15,Dhap
DB-POP1-C02,POP1,27.858701,85.662495,Okhreni,78,58,5,Okhreni
DB-POP1-C03,POP1,27.864461,85.628923,Nagi Dada,106,80,7,Nagi Dada
DB-POP1-C04,POP1,27.8445,85.622404,,115,86,8,#3570636138
DB-POP1-C05,POP1,27.850437,85.643788,,44,33,3,#3570636151
DB-POP1-C06,POP1,27.850038,85.636133,,30,22,2,#3570636158
DB-POP1-C07,POP1,27.860581,85.606481,,111,83,7,#3570636165; #3570636166
DB-POP1-C08,POP1,27.877315,85.6241,Kotgau Thatidada,161,121,11,Kotgau Thatidada
DB-POP1-C09,POP1,27.92192,85.668996,Gunsakot,545,409,35,Gunsakot
DB-POP1-C10,POP1,27.896145,85.598044,Tin Dhara,199,149,13,Tin Dhara
DB-POP1-C11,POP1,27.924122,85.65934,Basnet Tole,331,248,21,Basnet Tole
DB-POP1-C12,POP1,27.846029,85.642639,Mulkharka (E),35,26,3,Mulkharka (E)
DB-POP1-C13,POP1,27.862008,85.672167,Gobre,32,24,2,Gobre
DB-POP1-C14,POP1,27.900815,85.632342,Panchpokhari Thangpal,294,220,19,Panchpokhari Thangpal
DB-POP2-C01,POP2,27.822071,85.541506,,22,16,2,#3478304264
DB-POP2-C02,POP2,27.824967,85.525281,,122,92,8,#3478399579
DB-POP2-C03,POP2,27.834758,85.537477,,74,56,5,#3478406054
DB-POP2-C04,POP2,27.881697,85.541175,Gyalthum,146,110,10,Gyalthum
DB-POP2-C05,POP2,27.848205,85.525533,,204,153,13,#3480665661
DB-POP2-C06,POP2,27.849878,85.542789,,194,146,13,#3480665662
DB-POP2-C07,POP2,27.867853,85.559229,,236,177,15,#3480740947
DB-POP2-C08,POP2,27.856871,85.531529,,146,110,10,#3480741398; #3480741419
DB-POP2-C09,POP2,27.858196,85.559836,,157,118,10,#3480741424
DB-POP2-C10,POP2,27.862455,85.537549,,275,206,18,#3480741428
DB-POP2-C11,POP2,27.866885,85.55409,,304,228,19,#3480741438
DB-POP2-C12,POP2,27.87617,85.52928,,160,120,10,#3480741599
DB-POP2-C13,POP2,27.876732,85.541896,,100,75,7,#3480741601; #3480741606
DB-POP2-C14,POP2,27.846907,85.533838,,44,33,3,#3480665642
DB-POP2-C15,POP2,27.840865,85.549042,,58,44,4,#3480733676; #3480741238
DB-POP2-C16,POP2,27.841894,85.538869,,44,33,3,#3480733683; #3480733688; #3480741264; #3480741265
DB-POP2-C17,POP2,27.867395,85.521118,,32,24,2,#3480740966; #3480741430
DB-POP5-C01,POP5,27.714525,85.614795,Mandandeupur,212,159,14,Mandandeupur
DB-POP5-C02,POP5,27.708827,85.606951,Dhaitar,182,136,12,Dhaitar
