segment,type,from,to,km,core
Ring A+C (shared),backbone,HE,POP2,5.85,48
Ring A,backbone,POP2,POP1,19.84,48
Ring A,backbone,POP1,HE,14.55,48
Ring B,backbone,HE,POP5,12.51,48
Ring B,backbone,POP5,POP4,13.19,48
Ring B,backbone,POP4,HE,19.9,48
Ring C,backbone,HE,POP3,17.84,48
Ring C,backbone,POP3,POP6,11.01,48
Ring C,backbone,POP6,POP2,22.21,48
Spur (fiber 24F) + wireless PTP backup,backbone,HE,POP7,34.32,24
distribution HE,distribution(12F) road,HE,HE-C01,0.37,12
distribution HE,distribution(12F) road,HE-C09,HE-C02,1.57,12
distribution HE,distribution(12F) road,HE-C06,HE-C03,2.18,12
distribution HE,distribution(12F) road,HE,HE-C04,2.08,12
distribution HE,distribution(12F) road,HE-C01,HE-C05,2.5,12
distribution HE,distribution(12F) road,HE-C04,HE-C06,1.23,12
distribution HE,distribution(12F) road,HE-C01,HE-C07,1.69,12
distribution HE,distribution(12F) road,HE-C07,HE-C08,2.76,12
distribution HE,distribution(12F) road,HE,HE-C09,2.72,12
distribution HE,distribution(12F) road,HE-C15,HE-C10,6.04,12
distribution HE,distribution(12F) road,HE-C02,HE-C11,2.39,12
distribution HE,distribution(12F) trail-est,HE-C03,HE-C12,4.9,12
distribution HE,distribution(12F) road,HE-C14,HE-C13,2.01,12
distribution HE,distribution(12F) road,HE-C15,HE-C14,1.1,12
distribution HE,distribution(12F) road,HE-C02,HE-C15,2.3,12
distribution HE,distribution(12F) road,HE-C17,HE-C16,6.84,12
distribution HE,distribution(12F) road,HE-C01,HE-C17,12.34,12
distribution POP1,distribution(12F) road,POP1-C14,POP1-C01,6.27,12
distribution POP1,distribution(12F) road,POP1-C05,POP1-C02,3.12,12
distribution POP1,distribution(12F) road,POP1-C08,POP1-C03,4.31,12
distribution POP1,distribution(12F) road,POP1-C06,POP1-C04,2.12,12
distribution POP1,distribution(12F) road,POP1-C03,POP1-C05,5.1,12
distribution POP1,distribution(12F) road,POP1-C03,POP1-C06,2.49,12
distribution POP1,distribution(12F) road,POP1-C04,POP1-C07,7.49,12
distribution POP1,distribution(12F) trail-est,POP1,POP1-C08,2.84,12
distribution POP1,distribution(12F) road,POP1-C11,POP1-C09,3.34,12
distribution POP1,distribution(12F) road,POP1-C14,POP1-C10,9.43,12
distribution POP1,distribution(12F) road,POP1-C01,POP1-C11,5.98,12
distribution POP1,distribution(12F) road,POP1-C05,POP1-C12,0.54,12
distribution POP1,distribution(12F) road,POP1-C02,POP1-C13,2.15,12
distribution POP1,distribution(12F) road,POP1-C08,POP1-C14,7.72,12
distribution POP2,distribution(12F) road,POP2-C03,POP2-C01,4.41,12
distribution POP2,distribution(12F) road,POP2-C01,POP2-C02,5.21,12
distribution POP2,distribution(12F) road,POP2-C16,POP2-C03,2.76,12
distribution POP2,distribution(12F) road,POP2-C10,POP2-C04,4.17,12
distribution POP2,distribution(12F) road,POP2-C14,POP2-C05,1.94,12
distribution POP2,distribution(12F) road,POP2,POP2-C06,0.62,12
distribution POP2,distribution(12F) road,POP2-C11,POP2-C07,2.2,12
distribution POP2,distribution(12F) road,POP2-C10,POP2-C08,2.62,12
distribution POP2,distribution(12F) trail-est,POP2-C15,POP2-C09,3.87,12
distribution POP2,distribution(12F) road,POP2,POP2-C10,2.31,12
distribution POP2,distribution(12F) road,POP2-C09,POP2-C11,3.48,12
distribution POP2,distribution(12F) road,POP2-C04,POP2-C12,5.25,12
distribution POP2,distribution(12F) road,POP2-C11,POP2-C13,3.47,12
distribution POP2,distribution(12F) road,POP2-C08,POP2-C14,2.72,12
distribution POP2,distribution(12F) road,POP2,POP2-C15,4.04,12
distribution POP2,distribution(12F) road,POP2-C06,POP2-C16,2.54,12
distribution POP2,distribution(12F) road,POP2-C10,POP2-C17,3.72,12
distribution POP4,distribution(12F) road,POP4-C08,POP4-C01,2.4,12
distribution POP4,distribution(12F) trail-est,POP4,POP4-C02,4.84,12
distribution POP4,distribution(12F) road,POP4-C04,POP4-C03,1.98,12
distribution POP4,distribution(12F) road,POP4-C05,POP4-C04,2.49,12
distribution POP4,distribution(12F) road,POP4-C06,POP4-C05,2.31,12
distribution POP4,distribution(12F) road,POP4-C11,POP4-C06,6.19,12
distribution POP4,distribution(12F) road,POP4-C04,POP4-C07,3.19,12
distribution POP4,distribution(12F) road,POP4-C04,POP4-C08,4.22,12
distribution POP4,distribution(12F) road,POP4-C02,POP4-C09,2.7,12
distribution POP4,distribution(12F) road,POP4-C02,POP4-C10,7.01,12
distribution POP4,distribution(12F) road,POP4,POP4-C11,7.31,12
distribution POP5,distribution(12F) road,POP5,POP5-C01,4.12,12
distribution POP5,distribution(12F) road,POP5-C01,POP5-C02,1.2,12
distribution POP6,distribution(12F) road,POP6,POP6-C01,0.5,12
distribution POP6,distribution(12F) trail-est,POP6-C04,POP6-C02,10.18,12
distribution POP6,distribution(12F) road,POP6,POP6-C03,5.6,12
distribution POP6,distribution(12F) road,POP6-C01,POP6-C04,4.68,12
distribution POP6,distribution(12F) trail-est,POP6-C03,POP6-C05,4.88,12
distribution POP7,distribution(12F) road,POP7-C02,POP7-C01,1.92,12
distribution POP7,distribution(12F) road,POP7-C11,POP7-C02,18.35,12
distribution POP7,distribution(12F) road,POP7-C06,POP7-C03,1.8,12
distribution POP7,distribution(12F) road,POP7,POP7-C04,0.01,12
distribution POP7,distribution(12F) trail-est,POP7-C11,POP7-C05,4.27,12
distribution POP7,distribution(12F) road,POP7-C04,POP7-C06,12.18,12
distribution POP7,distribution(12F) road,POP7-C10,POP7-C07,2.27,12
distribution POP7,distribution(12F) road,POP7-C07,POP7-C08,0.02,12
distribution POP7,distribution(12F) trail-est,POP7-C10,POP7-C09,3.86,12
distribution POP7,distribution(12F) road,POP7-C04,POP7-C10,9.53,12
distribution POP7,distribution(12F) trail-est,POP7-C03,POP7-C11,7.53,12
