rank,db,pop,label,homes,fats,edge_km,path_km,mode,eff,eff_path
1,HE-C01,HE,Melamchi,409,35,0.37,0.37,road,1105.4054054054054,818.0
2,POP7-C04,POP7,Timbu,90,8,0.01,0.01,road,300.0,180.0
3,POP2-C06,POP2,,146,13,0.62,0.62,road,235.48387096774195,235.48387096774195
4,POP1-C09,POP1,Gunsakot,409,35,3.34,3.34,road,122.45508982035929,122.45508982035929
5,POP5-C02,POP5,Dhaitar,136,12,1.2,5.32,road,113.33333333333334,25.563909774436087
6,HE-C02,HE,,147,13,1.57,1.57,road,93.63057324840764,93.63057324840764
7,HE-C07,HE,,154,13,1.69,2.06,road,91.12426035502959,74.75728155339806
8,POP2-C10,POP2,,206,18,2.31,2.31,road,89.17748917748918,89.17748917748918
9,POP2-C07,POP2,,177,15,2.2,2.2,road,80.45454545454545,80.45454545454545
10,POP7-C03,POP7,Sermathang,142,12,1.8,1.8,road,78.88888888888889,78.88888888888889
11,POP2-C05,POP2,,153,13,1.94,1.94,road,78.8659793814433,78.8659793814433
12,HE-C11,HE,,170,15,2.39,3.96,road,71.1297071129707,42.92929292929293
13,POP2-C11,POP2,,228,19,3.48,7.35,road,65.51724137931035,31.02040816326531
14,HE-C05,HE,,163,14,2.5,2.87,road,65.2,56.79442508710801
15,HE-C03,HE,,130,11,2.18,2.18,road,59.63302752293578,59.63302752293578
16,POP4-C01,POP4,Nagarkot,135,12,2.4,2.4,road,56.25,56.25
17,POP6-C01,POP6,Chisapani,28,3,0.5,0.5,road,56.0,56.0
18,HE-C13,HE,,108,9,2.01,2.01,road,53.73134328358209,53.73134328358209
19,POP7-C08,POP7,,16,2,0.02,2.29,road,53.333333333333336,6.986899563318778
20,POP4-C04,POP4,Gairigaun,120,10,2.49,2.49,road,48.192771084337345,48.192771084337345
21,POP1-C12,POP1,Mulkharka (E),26,3,0.54,9.95,road,48.148148148148145,2.613065326633166
22,HE-C14,HE,,48,4,1.1,1.1,road,43.63636363636363,43.63636363636363
23,POP1-C08,POP1,Kotgau Thatidada,121,11,2.84,2.84,trail,42.605633802816904,42.605633802816904
24,POP2-C08,POP2,,110,10,2.62,2.62,road,41.98473282442748,41.98473282442748
25,POP1-C11,POP1,Basnet Tole,248,21,5.98,12.25,road,41.47157190635451,20.244897959183675
26,POP1-C04,POP1,,86,8,2.12,2.12,road,40.56603773584906,40.56603773584906
27,HE-C09,HE,,106,9,2.72,2.72,road,38.970588235294116,38.970588235294116
28,POP5-C01,POP5,Mandandeupur,159,14,4.12,4.12,road,38.592233009708735,38.592233009708735
29,HE-C04,HE,,79,7,2.08,2.08,road,37.980769230769226,37.980769230769226
30,HE-C15,HE,,86,8,2.3,3.87,road,37.39130434782609,22.22222222222222
31,HE-C06,HE,,42,4,1.23,3.31,road,34.146341463414636,12.688821752265861
32,POP4-C03,POP4,Dandagaun,62,6,1.98,1.98,road,31.313131313131315,31.313131313131315
33,HE-C10,HE,,189,16,6.04,6.04,road,31.29139072847682,31.29139072847682
34,HE-C08,HE,Dubachaur,85,8,2.76,4.82,road,30.797101449275363,17.63485477178423
35,POP2-C09,POP2,,118,10,3.87,3.87,trail,30.49095607235142,30.49095607235142
36,POP4-C06,POP4,Chhapgaun,184,16,6.19,6.19,road,29.72536348949919,29.72536348949919
37,POP1-C14,POP1,Panchpokhari Thangpal,220,19,7.72,10.56,road,28.497409326424872,20.833333333333332
38,POP1-C01,POP1,Dhap,170,15,6.27,6.27,road,27.113237639553432,27.113237639553432
39,POP2-C04,POP2,Gyalthum,110,10,4.17,4.17,road,26.378896882494004,26.378896882494004
40,POP2-C12,POP2,,120,10,5.25,9.42,road,22.857142857142858,12.738853503184714
41,POP7-C09,POP7,Tarke Ghyang,86,8,3.86,3.86,trail,22.27979274611399,22.27979274611399
42,POP2-C13,POP2,,75,7,3.47,10.82,road,21.613832853025936,6.931608133086876
43,POP6-C04,POP6,Haibung,99,9,4.68,5.18,road,21.153846153846157,19.111969111969113
44,POP2-C03,POP2,,56,5,2.76,2.76,road,20.28985507246377,20.28985507246377
45,POP6-C02,POP6,Mulkharka (W),198,17,10.18,10.18,trail,19.44990176817289,19.44990176817289
46,POP4-C02,POP4,Chauki Banjyang,92,8,4.84,4.84,trail,19.00826446280992,19.00826446280992
47,HE-C16,HE,,128,11,6.84,6.84,road,18.71345029239766,18.71345029239766
48,POP1-C02,POP1,Okhreni,58,5,3.12,3.12,road,18.589743589743588,18.589743589743588
49,POP1-C03,POP1,Nagi Dada,80,7,4.31,4.31,road,18.561484918793504,18.561484918793504
50,HE-C12,HE,,88,8,4.9,7.08,trail,17.959183673469386,12.429378531073446
51,POP2-C02,POP2,,92,8,5.21,9.62,road,17.65834932821497,9.563409563409564
52,POP4-C07,POP4,Chhittegaun,56,5,3.19,5.68,road,17.55485893416928,9.859154929577466
53,POP7-C11,POP7,Helambu,132,11,7.53,9.33,trail,17.529880478087648,14.14790996784566
54,POP4-C08,POP4,Kaflenigaun,73,7,4.22,6.71,road,17.298578199052134,10.879284649776453
55,POP1-C10,POP1,Tin Dhara,149,13,9.43,9.43,road,15.800636267232237,15.800636267232237
56,POP2-C16,POP2,,33,3,2.54,3.16,road,12.992125984251969,10.443037974683543
57,POP2-C14,POP2,,33,3,2.72,5.34,road,12.13235294117647,6.179775280898877
58,HE-C17,HE,Indrawati,147,13,12.34,12.71,road,11.912479740680713,11.56569630212431
59,POP6-C05,POP6,Chipling,57,5,4.88,10.48,trail,11.680327868852459,5.438931297709924
60,POP1-C13,POP1,Gobre,24,2,2.15,5.27,road,11.162790697674419,4.5540796963946875
61,POP1-C07,POP1,,83,7,7.49,9.61,road,11.081441922563418,8.636836628511967
62,POP7-C05,POP7,Dongdhing,47,4,4.27,4.27,trail,11.007025761124122,11.007025761124122
63,POP2-C15,POP2,,44,4,4.04,4.04,road,10.891089108910892,10.891089108910892
64,POP4-C09,POP4,Jhule,28,3,2.7,7.54,road,10.37037037037037,3.713527851458886
65,POP4-C11,POP4,Baluwapati Deupur,70,6,7.31,7.31,road,9.575923392612859,9.575923392612859
66,POP6-C03,POP6,Pati Bhanjyang,50,5,5.6,5.6,road,8.928571428571429,8.928571428571429
67,POP1-C06,POP1,,22,2,2.49,6.8,road,8.835341365461847,3.235294117647059
68,POP4-C05,POP4,Masyargaun,17,2,2.31,2.31,road,7.359307359307359,7.359307359307359
69,POP7-C02,POP7,,130,11,18.35,18.35,road,7.084468664850136,7.084468664850136
70,POP1-C05,POP1,,33,3,5.1,9.41,road,6.470588235294118,3.5069075451647183
71,POP2-C17,POP2,,24,2,3.72,6.03,road,6.451612903225806,3.980099502487562
72,POP7-C10,POP7,Kharchung,44,4,9.53,9.54,road,4.616998950682057,4.612159329140462
73,POP2-C01,POP2,,16,2,4.41,4.41,road,3.6281179138321993,3.6281179138321993
74,POP4-C10,POP4,,21,2,7.01,11.85,road,2.995720399429387,1.7721518987341773
75,POP7-C07,POP7,,6,1,2.27,2.27,road,2.643171806167401,2.643171806167401
76,POP7-C06,POP7,Chhimi,32,3,12.18,12.19,road,2.6272577996715927,2.6251025430680888
77,POP7-C01,POP7,Sanugopte,2,1,1.92,1.92,road,1.0416666666666667,1.0416666666666667
