month,subs,revenue,ebitda,cum_cashflow
1,0,0,-570000.0,-31879609
2,266,186200,-453492.0,-32333101
3,533,373100,-336546.0,-32669647
4,800,560000,-219600.0,-32889247
5,1066,746200,-103092.0,-32992339
6,1333,933100,13854.0,-32978485
7,1600,1120000,130800.0,-32847685
8,1600,1120000,130800.0,-32716885
9,1600,1120000,130800.0,-32586085
10,1600,1120000,130800.0,-32455285
11,1600,1120000,130800.0,-32324485
12,1600,1120000,130800.0,-32193685
13,3600,2520000,766800.0,-68684314
14,3600,2520000,656800.0,-68027514
15,3600,2520000,656800.0,-67370714
16,3600,2520000,656800.0,-66713914
17,3600,2520000,656800.0,-66057114
18,3600,2520000,656800.0,-65400314
19,3600,2520000,656800.0,-64743514
20,3600,2520000,656800.0,-64086714
21,3600,2520000,656800.0,-63429914
22,3600,2520000,656800.0,-62773114
23,3600,2520000,656800.0,-62116314
24,3600,2520000,656800.0,-61459514
25,4500,3150000,1051000.0,-80473004
26,4500,3150000,1051000.0,-79422004
27,4500,3150000,1051000.0,-78371004
28,4500,3150000,1051000.0,-77320004
29,4500,3150000,1051000.0,-76269004
30,4500,3150000,1051000.0,-75218004
31,4500,3150000,1051000.0,-74167004
32,4500,3150000,1051000.0,-73116004
33,4500,3150000,1051000.0,-72065004
34,4500,3150000,1051000.0,-71014004
35,4500,3150000,1051000.0,-69963004
36,4500,3150000,1051000.0,-68912004
37,5000,3500000,1270000.0,-68442004
38,5000,3500000,1270000.0,-67172004
39,5000,3500000,1270000.0,-65902004
40,5000,3500000,1270000.0,-64632004
41,5000,3500000,1270000.0,-63362004
42,5000,3500000,1270000.0,-62092004
43,5000,3500000,1270000.0,-60822004
44,5000,3500000,1270000.0,-59552004
45,5000,3500000,1270000.0,-58282004
46,5000,3500000,1270000.0,-57012004
47,5000,3500000,1270000.0,-55742004
48,5000,3500000,1270000.0,-54472004
49,5200,3640000,1357600.0,-53434404
50,5200,3640000,1357600.0,-52076804
51,5200,3640000,1357600.0,-50719204
52,5200,3640000,1357600.0,-49361604
53,5200,3640000,1357600.0,-48004004
54,5200,3640000,1357600.0,-46646404
55,5200,3640000,1357600.0,-45288804
56,5200,3640000,1357600.0,-43931204
57,5200,3640000,1357600.0,-42573604
58,5200,3640000,1357600.0,-41216004
59,5200,3640000,1357600.0,-39858404
60,5200,3640000,1357600.0,-38500804
