pop,pon_port_at_olt,fdc_id,db_site,locality,fats_in_fdc,customer_capacity
HE,PON1,FDC-HE-01,DB-HE-C01,Melamchi,8,64
HE,PON2,FDC-HE-02,DB-HE-C01,Melamchi,8,64
HE,PON3,FDC-HE-03,DB-HE-C01,Melamchi,8,64
HE,PON4,FDC-HE-04,DB-HE-C01,Melamchi,8,64
HE,PON5,FDC-HE-05,DB-HE-C01,Melamchi,3,24
HE,PON6,FDC-HE-06,DB-HE-C10,,8,64
HE,PON7,FDC-HE-07,DB-HE-C10,,8,64
HE,PON8,FDC-HE-08,DB-HE-C11,,8,64
HE,PON9,FDC-HE-09,DB-HE-C11,,7,56
HE,PON10,FDC-HE-10,DB-HE-C05,,8,64
HE,PON11,FDC-HE-11,DB-HE-C05,,6,48
HE,PON12,FDC-HE-12,DB-HE-C07,,8,64
HE,PON13,FDC-HE-13,DB-HE-C07,,5,40
HE,PON14,FDC-HE-14,DB-HE-C02,,8,64
HE,PON15,FDC-HE-15,DB-HE-C02,,5,40
HE,PON16,FDC-HE-16,DB-HE-C17,Indrawati,8,64
HE,PON17,FDC-HE-17,DB-HE-C17,Indrawati,5,40
HE,PON18,FDC-HE-18,DB-HE-C03,,8,64
HE,PON19,FDC-HE-19,DB-HE-C03,,3,24
HE,PON20,FDC-HE-20,DB-HE-C16,,8,64
HE,PON21,FDC-HE-21,DB-HE-C16,,3,24
HE,PON22,FDC-HE-22,DB-HE-C13,,8,64
HE,PON23,FDC-HE-23,DB-HE-C13,,1,8
HE,PON24,FDC-HE-24,DB-HE-C09,,8,64
HE,PON25,FDC-HE-25,DB-HE-C09,,1,8
HE,PON26,FDC-HE-26,DB-HE-C12,,8,64
HE,PON27,FDC-HE-27,DB-HE-C15,,8,64
HE,PON28,FDC-HE-28,DB-HE-C08,Dubachaur,8,64
HE,PON29,FDC-HE-29,DB-HE-C04,,7,56
HE,PON30,FDC-HE-30,DB-HE-C14,,4,32
HE,PON31,FDC-HE-31,DB-HE-C06,,4,32
POP1,PON1,FDC-POP1-01,DB-POP1-C09,Gunsakot,8,64
POP1,PON2,FDC-POP1-02,DB-POP1-C09,Gunsakot,8,64
POP1,PON3,FDC-POP1-03,DB-POP1-C09,Gunsakot,8,64
POP1,PON4,FDC-POP1-04,DB-POP1-C09,Gunsakot,8,64
POP1,PON5,FDC-POP1-05,DB-POP1-C09,Gunsakot,3,24
POP1,PON6,FDC-POP1-06,DB-POP1-C11,Basnet Tole,8,64
POP1,PON7,FDC-POP1-07,DB-POP1-C11,Basnet Tole,8,64
POP1,PON8,FDC-POP1-08,DB-POP1-C11,Basnet Tole,5,40
POP1,PON9,FDC-POP1-09,DB-POP1-C14,Panchpokhari Thangpal,8,64
POP1,PON10,FDC-POP1-10,DB-POP1-C14,Panchpokhari Thangpal,8,64
POP1,PON11,FDC-POP1-11,DB-POP1-C14,Panchpokhari Thangpal,3,24
POP1,PON12,FDC-POP1-12,DB-POP1-C01,Dhap,8,64
POP1,PON13,FDC-POP1-13,DB-POP1-C01,Dhap,7,56
POP1,PON14,FDC-POP1-14,DB-POP1-C10,Tin Dhara,8,64
POP1,PON15,FDC-POP1-15,DB-POP1-C10,Tin Dhara,5,40
POP1,PON16,FDC-POP1-16,DB-POP1-C08,Kotgau Thatidada,8,64
POP1,PON17,FDC-POP1-17,DB-POP1-C08,Kotgau Thatidada,3,24
POP1,PON18,FDC-POP1-18,DB-POP1-C04,,8,64
POP1,PON19,FDC-POP1-19,DB-POP1-C07,,7,56
POP1,PON20,FDC-POP1-20,DB-POP1-C03,Nagi Dada,7,56
POP1,PON21,FDC-POP1-21,DB-POP1-C02,Okhreni,5,40
POP1,PON22,FDC-POP1-22,DB-POP1-C05,,3,24
POP1,PON23,FDC-POP1-23,DB-POP1-C12,Mulkharka (E),3,24
POP1,PON24,FDC-POP1-24,DB-POP1-C13,Gobre,2,16
POP1,PON25,FDC-POP1-25,DB-POP1-C06,,2,16
POP2,PON1,FDC-POP2-01,DB-POP2-C11,,8,64
POP2,PON2,FDC-POP2-02,DB-POP2-C11,,8,64
POP2,PON3,FDC-POP2-03,DB-POP2-C11,,3,24
POP2,PON4,FDC-POP2-04,DB-POP2-C10,,8,64
POP2,PON5,FDC-POP2-05,DB-POP2-C10,,8,64
POP2,PON6,FDC-POP2-06,DB-POP2-C10,,2,16
POP2,PON7,FDC-POP2-07,DB-POP2-C07,,8,64
POP2,PON8,FDC-POP2-08,DB-POP2-C07,,7,56
POP2,PON9,FDC-POP2-09,DB-POP2-C05,,8,64
POP2,PON10,FDC-POP2-10,DB-POP2-C05,,5,40
POP2,PON11,FDC-POP2-11,DB-POP2-C06,,8,64
POP2,PON12,FDC-POP2-12,DB-POP2-C06,,5,40
POP2,PON13,FDC-POP2-13,DB-POP2-C12,,8,64
POP2,PON14,FDC-POP2-14,DB-POP2-C12,,2,16
POP2,PON15,FDC-POP2-15,DB-POP2-C09,,8,64
POP2,PON16,FDC-POP2-16,DB-POP2-C09,,2,16
POP2,PON17,FDC-POP2-17,DB-POP2-C04,Gyalthum,8,64
POP2,PON18,FDC-POP2-18,DB-POP2-C04,Gyalthum,2,16
POP2,PON19,FDC-POP2-19,DB-POP2-C08,,8,64
POP2,PON20,FDC-POP2-20,DB-POP2-C08,,2,16
POP2,PON21,FDC-POP2-21,DB-POP2-C02,,8,64
POP2,PON22,FDC-POP2-22,DB-POP2-C13,,7,56
POP2,PON23,FDC-POP2-23,DB-POP2-C03,,5,40
POP2,PON24,FDC-POP2-24,DB-POP2-C15,,4,32
POP2,PON25,FDC-POP2-25,DB-POP2-C14,,3,24
POP2,PON26,FDC-POP2-26,DB-POP2-C16,,3,24
POP2,PON27,FDC-POP2-27,DB-POP2-C17,,2,16
POP2,PON28,FDC-POP2-28,DB-POP2-C01,,2,16
POP4,PON1,FDC-POP4-01,DB-POP4-C06,Chhapgaun,8,64
POP4,PON2,FDC-POP4-02,DB-POP4-C06,Chhapgaun,8,64
POP4,PON3,FDC-POP4-03,DB-POP4-C01,Nagarkot,8,64
POP4,PON4,FDC-POP4-04,DB-POP4-C01,Nagarkot,4,32
POP4,PON5,FDC-POP4-05,DB-POP4-C04,Gairigaun,8,64
POP4,PON6,FDC-POP4-06,DB-POP4-C04,Gairigaun,2,16
POP4,PON7,FDC-POP4-07,DB-POP4-C02,Chauki Banjyang,8,64
POP4,PON8,FDC-POP4-08,DB-POP4-C08,Kaflenigaun,7,56
POP4,PON9,FDC-POP4-09,DB-POP4-C11,Baluwapati Deupur,6,48
POP4,PON10,FDC-POP4-10,DB-POP4-C03,Dandagaun,6,48
POP4,PON11,FDC-POP4-11,DB-POP4-C07,Chhittegaun,5,40
POP4,PON12,FDC-POP4-12,DB-POP4-C09,Jhule,3,24
POP4,PON13,FDC-POP4-13,DB-POP4-C10,,2,16
POP4,PON14,FDC-POP4-14,DB-POP4-C05,Masyargaun,2,16
POP5,PON1,FDC-POP5-01,DB-POP5-C01,Mandandeupur,8,64
POP5,PON2,FDC-POP5-02,DB-POP5-C01,Mandandeupur,6,48
POP5,PON3,FDC-POP5-03,DB-POP5-C02,Dhaitar,8,64
POP5,PON4,FDC-POP5-04,DB-POP5-C02,Dhaitar,4,32
POP6,PON1,FDC-POP6-01,DB-POP6-C02,Mulkharka (W),8,64
POP6,PON2,FDC-POP6-02,DB-POP6-C02,Mulkharka (W),8,64
POP6,PON3,FDC-POP6-03,DB-POP6-C02,Mulkharka (W),1,8
POP6,PON4,FDC-POP6-04,DB-POP6-C04,Haibung,8,64
POP6,PON5,FDC-POP6-05,DB-POP6-C04,Haibung,1,8
POP6,PON6,FDC-POP6-06,DB-POP6-C05,Chipling,5,40
POP6,PON7,FDC-POP6-07,DB-POP6-C03,Pati Bhanjyang,5,40
POP6,PON8,FDC-POP6-08,DB-POP6-C01,Chisapani,3,24
POP7,PON1,FDC-POP7-01,DB-POP7-C03,Sermathang,8,64
POP7,PON2,FDC-POP7-02,DB-POP7-C03,Sermathang,4,32
POP7,PON3,FDC-POP7-03,DB-POP7-C11,Helambu,8,64
POP7,PON4,FDC-POP7-04,DB-POP7-C11,Helambu,3,24
POP7,PON5,FDC-POP7-05,DB-POP7-C02,,8,64
POP7,PON6,FDC-POP7-06,DB-POP7-C02,,3,24
POP7,PON7,FDC-POP7-07,DB-POP7-C04,Timbu,8,64
POP7,PON8,FDC-POP7-08,DB-POP7-C09,Tarke Ghyang,8,64
POP7,PON9,FDC-POP7-09,DB-POP7-C05,Dongdhing,4,32
POP7,PON10,FDC-POP7-10,DB-POP7-C10,Kharchung,4,32
POP7,PON11,FDC-POP7-11,DB-POP7-C06,Chhimi,3,24
POP7,PON12,FDC-POP7-12,DB-POP7-C08,,2,16
POP7,PON13,FDC-POP7-13,DB-POP7-C07,,1,8
POP7,PON14,FDC-POP7-14,DB-POP7-C01,Sanugopte,1,8
