lot,desc,items,conditions
M1,MATERIAL: fiber optic cable supply,48F ADSS single-mode (G.652D) — 145 km qty | 24F ADSS — 36 km qty (POP7 spur) | 12F ADSS — 335 km qty (distribution + 8% service loop),Manufacturer test cert per drum; attenuation test at 1310/1490/1550 on delivery; delivery HE warehouse 60 days from PO.
M2,MATERIAL: poles + aerial hardware,"8 m round wooden poles (CCC/treated): 8,164 pcs | Lashing wire: ~491 km | Pole straps/bolts, dead-end & suspension clamps: 8,164 sets | Duct pipe + GI wire for culvert crossings (as per route survey)","Zinc-coating, ISI-spec; pole transport lot-wise to each POP staging."
M3,MATERIAL: passive closures + ODN boxes,FDC closure (1:8 cassette + splice tray): 124 pcs | FAT/DB box + 1:8 PLC splitter: 708 pcs | Splice closures + pigtails: 844 pcs | Patch cords + splice trays 10% spares,"IP65 min, SC/APC PLC G.671; sample set to be vendor-qualified before full PO."
M4,MATERIAL: active electronics (Huawei stack),"8x Huawei MA5800-X2 OLT (HE/POP1/POP2 with 2x GPHF service boards; others 1x GPHF = 11 boards total) | 2x Huawei S6730-H-24x10GE aggregation (HE, POP2) + 6x S5735-S32ST4X (all other POPs) | 8x MikroTik CCR2004-1G-12S+2XS BNG (per-POP PPPoE/AA to central RADIUS) | 154x GPON SFP C+/C++ (incl. 30 spares) | 18x pairs 10G LR optics + DAC/AOC for in-POP | 8x POP power set (UPS/rectifier + 100Ah battery x2)",Huawei gold-partner supply with 3-yr AMC option; config handover per huawei/*.txt scripts included in this repo.
M5,MATERIAL: customer-side supply (Year 1),"ONT/ONU 3,224 pcs (1GE basic + WiFi mix per PRICING_BANDS.md) | GJYXCH drop cable: 322 km | FAT port tails, 30-m pre-connectorized drops: Y1 qty",Vendor stock-and-call-off basis (12 months); ONT warranty pass-through to customer.
W1,WORKS: backbone aerial stringing,"Route km: 171.2 km (Ring A 40.2 / Ring B 45.6 / Ring C 56.9 (shared arm 6.0 with A) / POP7 spur 34.3) | New pole setting where poles not available from NEA route-share: route plan per FTTH_master_map | OTDR + power-meter test per segment, splice report per cassette, as-built KML delivery",Rate basis: per route-km (lashing) + per pole-set; trail subsections excluded at this lot.
W2,WORKS: distribution Phase-1 stringing,"Ring B + shared leg side: 160.2 km, 453 FAT, 453 FAT cluster poles | Homes passed target 5173 | Incl. FAT/FDC pole mounting + fusion splicing at FAT DB",Start on PO issue; trail spur HE-C03→HE-C12 line to be re-measured against field survey before award final.
W3,WORKS: distribution Phase-2 stringing,"Ring A + ring C closure side: 88.7 km, 190 FAT | Homes passed target 2161",Award after P1 acceptance (liquidated-damage clause for consistent mobilization).
W4,WORKS: distribution Phase-3 + trail spurs,POP7 side: 61.7 km | Trail spur work: see TRAIL_SURVEY.md (9 spurs / 47.2 km trail-est) | Wireless backup tower erection POP7 (see WIRELESS_BACKUP_POP7.md),Trail package ONLY to bidders with Himalayan trail work references.
W5,WORKS: active installation + commissioning,"8 OLT + 8 L3 + 8 BNG installation per huawei/ scripts | OLT-BNG-RADIUS integration testing | PON link budget verification every site (≥24 dB margin @ worst DB), go-live certification",Unit-rate per site; commissioning engineer to certify against HUAWEI_L3_GUIDE.md.
W6,WORKS: customer drop installation service (Year 1),"3,224 connections (100-m drop, FAT port work, ONT install + auth to BNG/PPPoE) | Same-day activation target ≥ 85%; recurring-consume less than 3%","Per-connection unit rate, homeowner sign-off sheet required for billing."
