pop,parent,db,locality,lat,lon,straight_km,design_km,road_detour_km,homes,fats,survey_done,measured_km,terrain_note,alt_path(road?)
HE,HE-C03,HE-C12,,27.809285,85.538199,2.78,4.9,12.94,88,8,,,,
POP1,POP1,POP1-C08,Kotgau Thatidada,27.877315,85.6241,1.62,2.84,8.34,121,11,,,,
POP2,POP2-C15,POP2-C09,,27.858196,85.559836,2.2,3.87,9.46,118,10,,,,
POP4,POP4,POP4-C02,Chauki Banjyang,27.764204,85.49775,2.75,4.84,8.72,92,8,,,,
POP6,POP6-C04,POP6-C02,Mulkharka (W),27.777671,85.432703,5.78,10.18,37.77,198,17,,,,
POP6,POP6-C03,POP6-C05,Chipling,27.868702,85.455838,2.77,4.88,11.54,57,5,,,,
POP7,POP7-C11,POP7-C05,Dongdhing,27.943909,85.53838,2.43,4.27,14.86,47,4,,,,
POP7,POP7-C10,POP7-C09,Tarke Ghyang,27.998969,85.553763,2.2,3.86,10.26,86,8,,,,
POP7,POP7-C03,POP7-C11,Helambu,27.928373,85.555719,4.28,7.53,13.51,132,11,,,,
